CaseMasterID,similar_CaseMasterID,similarity_score,rank
28,85,90,1
28,215,85,2
28,579,85,3
38,91,80,1
38,929,80,2
38,215,65,3
85,28,90,1
85,384,80,2
85,1140,80,3
91,38,80,1
91,929,80,2
91,174,65,3
111,1047,80,1
111,496,75,2
111,28,65,3
127,496,85,1
127,846,85,2
127,765,80,3
128,384,75,1
128,1140,75,2
128,28,65,3
135,960,80,1
135,28,65,2
135,85,65,3
150,287,80,1
150,541,75,2
150,28,65,3
155,1097,80,1
155,472,65,2
155,545,65,3
174,1086,70,1
174,91,65,2
174,260,65,3
189,297,90,1
189,215,80,2
189,931,80,3
203,1007,80,1
203,374,75,2
203,207,65,3
207,331,80,1
207,861,80,2
207,1129,80,3
208,927,80,1
208,1129,70,2
208,28,65,3
215,28,85,1
215,579,85,2
215,915,85,3
260,791,90,1
260,1133,85,2
260,424,80,3
287,545,85,1
287,150,80,2
287,91,65,3
297,189,90,1
297,927,85,2
297,1088,85,3
312,994,95,1
312,803,90,2
312,91,65,3
325,91,65,1
325,174,65,2
325,260,65,3
331,1129,90,1
331,207,80,2
331,861,80,3
333,987,110,1
333,924,90,2
333,331,75,3
338,470,90,1
338,28,65,2
338,85,65,3
347,312,65,1
347,803,65,2
347,1167,65,3
353,544,90,1
353,651,75,2
353,28,65,3
357,28,80,1
357,620,80,2
357,424,75,3
374,424,95,1
374,545,85,2
374,1200,80,3
384,1140,90,1
384,28,80,2
384,85,80,3
391,737,75,1
391,470,70,2
391,127,65,3
392,714,80,1
392,1086,80,2
392,203,65,3
396,128,65,1
396,331,65,2
396,666,65,3
424,374,95,1
424,770,90,2
424,1164,90,3
432,651,80,1
432,127,65,2
432,353,65,3
470,338,90,1
470,391,70,2
470,28,65,3
472,697,90,1
472,929,85,2
472,260,80,3
496,846,95,1
496,127,85,2
496,1164,80,3
508,1007,90,1
508,737,80,2
508,28,65,3
509,787,80,1
509,990,80,2
509,1128,80,3
536,579,90,1
536,938,80,2
536,91,65,3
541,881,80,1
541,150,75,2
541,203,65,3
544,353,90,1
544,651,75,2
544,28,65,3
545,287,85,1
545,374,85,2
545,424,85,3
551,1022,80,1
551,1186,80,2
551,91,65,3
569,931,85,1
569,938,85,2
569,155,65,3
579,915,95,1
579,536,90,2
579,28,85,3
620,357,80,1
620,472,75,2
620,697,75,3
651,432,80,1
651,353,75,2
651,544,75,3
666,128,65,1
666,331,65,2
666,338,65,3
697,472,90,1
697,260,80,2
697,424,80,3
703,931,75,1
703,128,65,2
703,189,65,3
714,1086,90,1
714,392,80,2
714,805,75,3
737,508,80,1
737,1007,80,2
737,391,75,3
765,1133,90,1
765,1164,85,2
765,127,80,3
770,424,90,1
770,1164,90,2
770,260,80,3
774,1156,90,1
774,765,80,2
774,1133,80,3
787,1166,85,1
787,509,80,2
787,990,80,3
791,260,90,1
791,424,80,2
791,472,80,3
803,312,90,1
803,91,65,2
803,174,65,3
805,714,75,1
805,1086,75,2
805,155,65,3
846,496,95,1
846,127,85,2
846,1164,80,3
861,207,80,1
861,331,80,2
861,1129,80,3
881,541,80,1
881,127,65,2
881,150,65,3
891,915,75,1
891,128,65,2
891,331,65,3
915,579,95,1
915,28,85,2
915,215,85,3
924,333,90,1
924,987,80,2
924,331,75,3
927,297,85,1
927,1088,85,2
927,208,80,3
929,472,85,1
929,38,80,2
929,91,80,3
931,569,85,1
931,938,85,2
931,189,80,3
938,569,85,1
938,931,85,2
938,536,80,3
960,135,80,1
960,1129,80,2
960,1173,75,3
987,333,110,1
987,924,80,2
987,861,75,3
990,1128,90,1
990,1156,85,2
990,509,80,3
994,312,95,1
994,91,65,2
994,174,65,3
1007,508,90,1
1007,203,80,2
1007,737,80,3
1022,1140,85,1
1022,551,80,2
1022,1186,80,3
1028,1189,80,1
1028,155,65,2
1028,472,65,3
1047,111,80,1
1047,91,65,2
1047,174,65,3
1052,1180,90,1
1052,28,65,2
1052,85,65,3
1086,714,90,1
1086,392,80,2
1086,805,75,3
1088,297,85,1
1088,927,85,2
1088,155,65,3
1096,1200,95,1
1096,1166,90,2
1096,545,80,3
1097,155,80,1
1097,91,65,2
1097,174,65,3
1128,990,90,1
1128,509,80,2
1128,787,80,3
1129,331,90,1
1129,207,80,2
1129,861,80,3
1133,765,90,1
1133,260,85,2
1133,774,80,3
1138,127,65,1
1138,325,65,2
1138,391,65,3
1140,384,90,1
1140,1022,85,2
1140,28,80,3
1156,774,90,1
1156,990,85,2
1156,765,80,3
1164,424,90,1
1164,770,90,2
1164,765,85,3
1166,1096,90,1
1166,787,85,2
1166,545,80,3
1167,85,70,1
1167,208,65,2
1167,347,65,3
1173,960,75,1
1173,128,65,2
1173,135,65,3
1180,1052,90,1
1180,28,65,2
1180,85,65,3
1186,551,80,1
1186,1022,80,2
1186,846,75,3
1189,1028,80,1
1189,38,65,2
1189,215,65,3
1200,1096,95,1
1200,374,80,2
1200,91,65,3
23,124,90,1
23,592,80,2
23,1154,80,3
26,36,65,1
26,44,65,2
26,93,65,3
36,1093,90,1
36,365,80,2
36,1012,80,3
37,901,90,1
37,1072,90,2
37,250,65,3
44,341,80,1
44,554,80,2
44,653,80,3
60,925,120,1
60,760,95,2
60,527,85,3
93,874,90,1
93,226,80,2
93,348,80,3
105,140,80,1
105,1185,75,2
105,26,65,3
109,1112,90,1
109,1004,85,2
109,1171,80,3
124,23,90,1
124,592,80,2
124,1154,80,3
140,1185,95,1
140,163,85,2
140,105,80,3
163,673,90,1
163,140,85,2
163,720,80,3
167,527,90,1
167,548,80,2
167,109,65,3
178,393,90,1
178,1135,90,2
178,256,80,3
194,365,85,1
194,1161,80,2
194,109,65,3
226,1135,95,1
226,348,90,2
226,93,80,3
250,341,75,1
250,554,75,2
250,37,65,3
256,530,85,1
256,178,80,2
256,393,80,3
270,716,80,1
270,361,65,2
270,573,65,3
278,140,65,1
278,720,65,2
278,729,65,3
323,334,90,1
323,378,90,2
323,60,80,3
334,323,90,1
334,378,90,2
334,60,80,3
341,554,90,1
341,44,80,2
341,653,80,3
348,226,90,1
348,93,80,2
348,860,80,3
361,44,70,1
361,178,70,2
361,270,65,3
365,1012,90,1
365,194,85,2
365,36,80,3
378,323,90,1
378,334,90,2
378,60,80,3
390,1056,90,1
390,365,75,2
390,1012,75,3
393,178,90,1
393,1135,90,2
393,256,80,3
407,23,65,1
407,60,65,2
407,124,65,3
439,918,90,1
439,1005,75,2
439,23,65,3
449,859,75,1
449,26,65,2
449,36,65,3
489,515,90,1
489,1154,75,2
489,23,65,3
510,959,75,1
510,1137,75,2
510,37,65,3
515,489,90,1
515,1154,75,2
515,23,65,3
521,899,90,1
521,1026,80,2
521,23,65,3
527,530,95,1
527,167,90,2
527,60,85,3
530,527,95,1
530,585,90,2
530,60,85,3
548,167,80,1
548,527,80,2
548,23,65,3
554,341,90,1
554,44,80,2
554,653,80,3
564,37,65,1
564,194,65,2
564,250,65,3
573,93,65,1
573,226,65,2
573,270,65,3
577,779,90,1
577,23,65,2
577,60,65,3
585,530,90,1
585,673,85,2
585,109,65,3
592,23,80,1
592,124,80,2
592,1154,80,3
644,876,90,1
644,930,80,2
644,23,65,3
653,746,90,1
653,940,90,2
653,44,80,3
673,163,90,1
673,585,85,2
673,940,85,3
716,270,80,1
716,527,70,2
716,1154,70,3
720,163,80,1
720,673,80,2
720,140,65,3
729,1123,80,1
729,1143,80,2
729,140,65,3
740,1149,90,1
740,270,65,2
740,361,65,3
746,653,90,1
746,940,90,2
746,918,85,3
760,60,95,1
760,925,95,2
760,527,80,3
779,577,90,1
779,23,65,2
779,60,65,3
859,449,75,1
859,489,65,2
859,515,65,3
860,93,80,1
860,226,80,2
860,348,80,3
874,93,90,1
874,226,80,2
874,348,80,3
876,644,90,1
876,930,80,2
876,23,65,3
899,521,90,1
899,1026,80,2
899,23,65,3
901,37,90,1
901,1072,90,2
901,250,65,3
917,1004,80,1
917,109,65,2
917,167,65,3
918,439,90,1
918,746,85,2
918,1005,75,3
925,60,120,1
925,760,95,2
925,527,85,3
930,644,80,1
930,876,80,2
930,109,65,3
937,270,65,1
937,361,65,2
937,573,65,3
940,653,90,1
940,746,90,2
940,673,85,3
941,1123,85,1
941,140,65,2
941,278,65,3
943,26,65,1
943,36,65,2
943,37,65,3
959,1137,90,1
959,510,75,2
959,23,65,3
1004,109,85,1
1004,917,80,2
1004,26,65,3
1005,439,75,1
1005,918,75,2
1005,37,65,3
1012,365,90,1
1012,1026,85,2
1012,1036,85,3
1026,1036,95,1
1026,1012,85,2
1026,521,80,3
1036,1026,95,1
1036,1012,85,2
1036,109,65,3
1056,390,90,1
1056,365,75,2
1056,1012,75,3
1058,1144,90,1
1058,109,65,2
1058,167,65,3
1067,489,65,1
1067,515,65,2
1067,859,65,3
1072,37,90,1
1072,901,90,2
1072,250,65,3
1093,36,90,1
1093,365,80,2
1093,1012,80,3
1112,109,90,1
1112,1171,80,2
1112,167,65,3
1123,1143,90,1
1123,941,85,2
1123,729,80,3
1135,226,95,1
1135,178,90,2
1135,393,90,3
1137,959,90,1
1137,510,75,2
1137,23,65,3
1143,1123,90,1
1143,729,80,2
1143,23,65,3
1144,1058,90,1
1144,109,65,2
1144,167,65,3
1149,740,90,1
1149,270,65,2
1149,361,65,3
1154,23,80,1
1154,124,80,2
1154,592,80,3
1161,194,80,1
1161,26,65,2
1161,36,65,3
1171,109,80,1
1171,1112,80,2
1171,26,65,3
1185,140,95,1
1185,105,75,2
1185,163,70,3
11,1187,90,1
11,152,80,2
11,1125,80,3
13,401,80,1
13,778,80,2
13,1024,80,3
14,58,80,1
14,892,80,2
14,11,65,3
16,1027,85,1
16,239,65,2
16,248,65,3
27,485,90,1
27,713,90,2
27,616,80,3
42,1125,95,1
42,632,80,2
42,744,80,3
49,268,90,1
49,693,90,2
49,610,75,3
51,294,85,1
51,71,80,2
51,156,80,3
53,90,80,1
53,147,80,2
53,175,80,3
58,831,95,1
58,517,85,2
58,632,85,3
71,51,80,1
71,156,80,2
71,304,80,3
76,565,85,1
76,529,80,2
76,660,80,3
87,13,65,1
87,51,65,2
87,53,65,3
90,175,90,1
90,616,85,2
90,53,80,3
98,191,90,1
98,403,90,2
98,875,90,3
121,497,90,1
121,1094,90,2
121,893,75,3
125,642,95,1
125,148,80,2
125,560,80,3
137,1126,90,1
137,721,80,2
137,11,65,3
142,485,80,1
142,121,65,2
142,173,65,3
144,191,80,1
144,916,80,2
144,76,65,3
146,253,90,1
146,590,90,2
146,98,65,3
147,53,80,1
147,90,80,2
147,175,80,3
148,1195,90,1
148,125,80,2
148,560,80,3
152,11,80,1
152,1125,80,2
152,1187,80,3
156,304,90,1
156,640,90,2
156,831,90,3
173,675,85,1
173,809,80,2
173,98,65,3
175,90,90,1
175,809,85,2
175,53,80,3
191,98,90,1
191,403,90,2
191,875,90,3
192,1024,85,1
192,565,80,2
192,610,80,3
197,373,90,1
197,300,85,2
197,294,80,3
202,1124,85,1
202,487,80,2
202,798,80,3
228,350,85,1
228,300,80,2
228,969,80,3
239,350,90,1
239,359,80,2
239,456,80,3
248,16,65,1
248,279,65,2
248,395,65,3
253,146,90,1
253,590,90,2
253,98,65,3
261,744,85,1
261,421,80,2
261,42,65,3
268,49,90,1
268,693,90,2
268,610,75,3
279,431,80,1
279,156,75,2
279,304,75,3
286,517,90,1
286,790,90,2
286,513,80,3
294,602,90,1
294,51,85,2
294,197,80,3
300,969,90,1
300,197,85,2
300,228,80,3
304,156,90,1
304,640,90,2
304,831,90,3
350,239,90,1
350,228,85,2
350,359,80,3
359,239,80,1
359,350,80,2
359,456,80,3
364,1095,80,1
364,1170,80,2
364,13,65,3
373,197,90,1
373,294,80,2
373,602,80,3
383,953,95,1
383,1170,95,2
383,1062,90,3
394,1038,90,1
394,514,80,2
394,580,80,3
395,778,75,1
395,1024,75,2
395,13,65,3
398,1021,90,1
398,642,75,2
398,121,65,3
401,13,80,1
401,778,80,2
401,1024,80,3
403,974,110,1
403,98,90,2
403,191,90,3
421,261,80,1
421,98,65,2
421,146,65,3
431,279,80,1
431,615,75,2
431,1059,75,3
443,300,75,1
443,969,75,2
443,121,65,3
456,239,80,1
456,350,80,2
456,359,80,3
475,835,80,1
475,1127,80,2
475,11,65,3
485,27,90,1
485,713,90,2
485,142,80,3
487,1094,95,1
487,202,80,2
487,798,80,3
497,121,90,1
497,1094,90,2
497,893,75,3
513,286,80,1
513,517,80,2
513,790,80,3
514,916,90,1
514,713,85,2
514,394,80,3
517,1179,95,1
517,286,90,2
517,790,90,3
529,560,85,1
529,76,80,2
529,660,80,3
539,71,80,1
539,1095,75,2
539,1170,75,3
560,529,85,1
560,125,80,2
560,148,80,3
565,1081,90,1
565,1141,90,2
565,76,85,3
572,42,65,1
572,58,65,2
572,76,65,3
576,761,75,1
576,98,65,2
576,146,65,3
580,675,90,1
580,953,90,2
580,394,80,3
590,146,90,1
590,253,90,2
590,98,65,3
602,294,90,1
602,197,80,2
602,373,80,3
610,192,80,1
610,49,75,2
610,268,75,3
615,1059,90,1
615,51,80,2
615,71,80,3
616,999,90,1
616,90,85,2
616,27,80,3
632,58,85,1
632,517,85,2
632,831,85,3
640,156,90,1
640,304,90,2
640,831,90,3
642,125,95,1
642,756,80,2
642,398,75,3
660,967,90,1
660,76,80,2
660,529,80,3
669,121,65,1
669,142,65,2
669,398,65,3
675,580,90,1
675,953,90,2
675,173,85,3
693,49,90,1
693,268,90,2
693,610,75,3
698,394,80,1
698,514,80,2
698,580,80,3
713,27,90,1
713,485,90,2
713,514,85,3
721,137,80,1
721,1126,80,2
721,98,65,3
744,261,85,1
744,42,80,2
744,632,80,3
756,1176,95,1
756,642,80,2
756,13,65,3
761,1114,80,1
761,576,75,2
761,144,65,3
768,197,70,1
768,121,65,2
768,142,65,3
775,192,80,1
775,565,80,2
775,1081,80,3
778,1024,90,1
778,13,80,2
778,401,80,3
790,286,90,1
790,517,90,2
790,513,80,3
798,202,80,1
798,487,80,2
798,560,75,3
809,175,85,1
809,173,80,2
809,42,65,3
820,1179,80,1
820,13,65,2
820,51,65,3
831,58,95,1
831,156,90,2
831,304,90,3
834,394,75,1
834,1038,75,2
834,202,65,3
835,475,80,1
835,1127,80,2
835,98,65,3
875,98,90,1
875,191,90,2
875,403,90,3
892,14,80,1
892,58,80,2
892,98,65,3
893,121,75,1
893,497,75,2
893,1094,75,3
916,514,90,1
916,144,80,2
916,394,80,3
953,383,95,1
953,1170,95,2
953,580,90,3
967,660,90,1
967,76,80,2
967,529,80,3
969,300,90,1
969,228,80,2
969,1152,80,3
974,403,110,1
974,98,80,2
974,191,80,3
999,616,90,1
999,1127,85,2
999,27,80,3
1021,398,90,1
1021,642,75,2
1021,698,70,3
1024,778,90,1
1024,192,85,2
1024,13,80,3
1027,16,85,1
1027,121,65,2
1027,142,65,3
1038,1152,95,1
1038,394,90,2
1038,514,80,3
1059,615,90,1
1059,1195,85,2
1059,51,80,3
1062,383,90,1
1062,98,80,2
1062,191,80,3
1078,42,80,1
1078,632,80,2
1078,744,80,3
1081,565,90,1
1081,1141,90,2
1081,192,80,3
1090,87,65,1
1090,121,65,2
1090,142,65,3
1094,487,95,1
1094,121,90,2
1094,497,90,3
1095,1170,90,1
1095,364,80,2
1095,539,75,3
1114,761,80,1
1114,16,65,2
1114,248,65,3
1117,744,75,1
1117,42,65,2
1117,144,65,3
1124,202,85,1
1124,16,65,2
1124,146,65,3
1125,42,95,1
1125,11,80,2
1125,152,80,3
1126,137,90,1
1126,721,80,2
1126,11,65,3
1127,999,85,1
1127,475,80,2
1127,835,80,3
1141,565,90,1
1141,1081,90,2
1141,192,80,3
1152,1038,95,1
1152,228,80,2
1152,300,80,3
1170,383,95,1
1170,953,95,2
1170,1095,90,3
1176,756,95,1
1176,13,65,2
1176,51,65,3
1179,517,95,1
1179,58,85,2
1179,632,85,3
1187,11,90,1
1187,152,80,2
1187,1125,80,3
1195,148,90,1
1195,1059,85,2
1195,125,80,3
31,101,65,1
31,308,65,2
31,406,65,3
39,914,80,1
39,43,65,2
39,52,65,3
43,115,75,1
43,934,70,2
43,39,65,3
52,1019,90,1
52,113,80,2
52,165,80,3
63,377,80,1
63,1025,80,2
63,1071,75,3
66,845,90,1
66,108,80,2
66,328,80,3
67,897,80,1
67,245,65,2
67,285,65,3
70,845,95,1
70,817,90,2
70,848,90,3
101,113,75,1
101,165,75,2
101,31,65,3
107,115,65,1
107,377,65,2
107,561,65,3
108,848,85,1
108,66,80,2
108,328,80,3
113,165,90,1
113,52,80,2
113,1019,80,3
115,500,80,1
115,43,75,2
115,107,65,3
154,302,90,1
154,942,90,2
154,1010,80,3
165,113,90,1
165,52,80,2
165,1019,80,3
170,237,80,1
170,362,80,2
170,837,80,3
201,285,85,1
201,896,85,2
201,39,65,3
230,288,80,1
230,429,80,2
230,1025,80,3
237,837,90,1
237,170,80,2
237,362,80,3
245,317,75,1
245,67,65,2
245,285,65,3
262,832,90,1
262,1071,80,2
262,63,65,3
285,201,85,1
285,896,85,2
285,474,80,3
288,429,90,1
288,230,80,2
288,67,65,3
302,1010,110,1
302,154,90,2
302,942,90,3
308,406,90,1
308,1034,90,2
308,700,80,3
309,491,80,1
309,1130,80,2
309,39,65,3
317,245,75,1
317,154,70,2
317,63,65,3
328,66,80,1
328,108,80,2
328,845,80,3
362,897,85,1
362,170,80,2
362,237,80,3
377,1025,90,1
377,1034,85,2
377,63,80,3
385,648,80,1
385,108,65,2
385,113,65,3
406,308,90,1
406,1034,90,2
406,700,80,3
417,31,65,1
417,39,65,2
417,43,65,3
429,288,90,1
429,230,80,2
429,67,65,3
444,501,80,1
444,593,80,2
444,377,70,3
474,285,80,1
474,108,65,2
474,113,65,3
476,670,90,1
476,833,90,2
476,563,80,3
491,309,80,1
491,1130,80,2
491,67,65,3
494,67,65,1
494,245,65,2
494,285,65,3
500,115,80,1
500,31,65,2
500,43,65,3
501,444,80,1
501,593,80,2
501,67,65,3
522,1010,95,1
522,1008,90,2
522,302,85,3
533,1014,80,1
533,67,65,2
533,245,65,3
561,154,75,1
561,302,75,2
561,942,75,3
563,476,80,1
563,670,80,2
563,833,80,3
566,1080,75,1
566,107,65,2
566,115,65,3
581,107,65,1
581,115,65,2
581,285,65,3
593,444,80,1
593,501,80,2
593,39,65,3
594,39,65,1
594,43,65,2
594,52,65,3
607,725,80,1
607,1011,80,2
607,67,65,3
614,670,85,1
614,1000,80,2
614,1148,80,3
648,385,80,1
648,67,65,2
648,245,65,3
670,476,90,1
670,833,90,2
670,614,85,3
685,988,90,1
685,39,65,2
685,43,65,3
700,308,80,1
700,406,80,2
700,1034,80,3
725,1011,90,1
725,607,80,2
725,108,65,3
738,31,65,1
738,70,65,2
738,101,65,3
804,913,90,1
804,817,85,2
804,995,80,3
817,70,90,1
817,848,90,2
817,804,85,3
832,262,90,1
832,1071,80,2
832,63,65,3
833,476,90,1
833,670,90,2
833,563,80,3
837,237,90,1
837,170,80,2
837,362,80,3
845,70,95,1
845,66,90,2
845,108,80,3
847,864,80,1
847,934,75,2
847,108,65,3
848,70,90,1
848,817,90,2
848,108,85,3
864,847,80,1
864,67,65,2
864,245,65,3
896,201,85,1
896,285,85,2
896,1037,80,3
897,362,85,1
897,67,80,2
897,39,65,3
913,804,90,1
913,995,80,2
913,1110,80,3
914,39,80,1
914,67,65,2
914,245,65,3
934,847,75,1
934,43,70,2
934,31,65,3
942,154,90,1
942,302,90,2
942,1010,80,3
983,522,80,1
983,1008,80,2
983,108,65,3
988,685,90,1
988,39,65,2
988,43,65,3
995,1110,90,1
995,804,80,2
995,913,80,3
1000,1148,90,1
1000,614,80,2
1000,39,65,3
1008,522,90,1
1008,983,80,2
1008,67,65,3
1010,302,110,1
1010,522,95,2
1010,154,80,3
1011,725,90,1
1011,607,80,2
1011,108,65,3
1014,533,80,1
1014,362,65,2
1014,444,65,3
1019,52,90,1
1019,113,80,2
1019,165,80,3
1025,377,90,1
1025,63,80,2
1025,230,80,3
1031,70,80,1
1031,817,80,2
1031,848,80,3
1034,308,90,1
1034,406,90,2
1034,377,85,3
1037,896,80,1
1037,39,65,2
1037,43,65,3
1071,848,85,1
1071,262,80,2
1071,832,80,3
1075,63,65,1
1075,317,65,2
1075,1118,65,3
1080,566,75,1
1080,39,65,2
1080,43,65,3
1083,476,80,1
1083,563,80,2
1083,670,80,3
1110,995,90,1
1110,804,80,2
1110,913,80,3
1118,63,65,1
1118,317,65,2
1118,896,65,3
1130,309,80,1
1130,491,80,2
1130,108,65,3
1148,1000,90,1
1148,614,80,2
1148,39,65,3
1,2,90,1
1,160,90,2
1,452,90,3
2,1,90,1
2,160,90,2
2,452,90,3
33,526,80,1
33,62,65,2
33,157,65,3
62,1029,90,1
62,1101,90,2
62,767,80,3
69,1099,80,1
69,141,65,2
69,274,65,3
79,465,90,1
79,441,80,2
79,511,80,3
106,116,65,1
106,532,65,2
106,636,65,3
110,836,85,1
110,119,65,2
110,213,65,3
116,218,80,1
116,408,80,2
116,461,80,3
119,110,65,1
119,149,65,2
119,284,65,3
141,906,90,1
141,639,75,2
141,748,75,3
149,119,65,1
149,213,65,2
149,367,65,3
153,209,80,1
153,1192,80,2
153,755,75,3
157,181,90,1
157,601,90,2
157,1,80,3
160,982,95,1
160,1,90,2
160,2,90,3
181,157,90,1
181,601,90,2
181,1,80,3
209,153,80,1
209,1192,80,2
209,33,65,3
213,1134,95,1
213,110,65,2
213,149,65,3
218,116,80,1
218,408,80,2
218,461,80,3
225,236,80,1
225,558,75,2
225,1190,70,3
231,715,95,1
231,796,90,2
231,872,90,3
236,225,80,1
236,549,75,2
236,1,65,3
264,382,75,1
264,33,65,2
264,62,65,3
274,477,90,1
274,1003,75,2
274,69,65,3
284,420,85,1
284,534,80,2
284,62,75,3
295,301,90,1
295,504,80,2
295,641,80,3
301,295,90,1
301,504,80,2
301,641,80,3
315,589,80,1
315,743,80,2
315,33,65,3
344,851,80,1
344,558,70,2
344,1,65,3
367,381,90,1
367,792,80,2
367,1099,80,3
372,1101,85,1
372,1051,80,2
372,149,65,3
381,1134,95,1
381,367,90,2
381,792,80,3
382,264,75,1
382,110,65,2
382,119,65,3
399,900,90,1
399,408,80,2
399,492,80,3
400,482,90,1
400,763,85,2
400,1074,80,3
404,1106,85,1
404,1003,80,2
404,274,65,3
408,116,80,1
408,218,80,2
408,399,80,3
409,679,90,1
409,1134,90,2
409,1,80,3
416,705,110,1
416,1106,90,2
416,878,80,3
420,284,85,1
420,461,85,2
420,69,65,3
441,79,80,1
441,465,80,2
441,511,80,3
452,1,90,1
452,2,90,2
452,160,90,3
461,420,85,1
461,116,80,2
461,218,80,3
465,79,90,1
465,441,80,2
465,511,80,3
477,274,90,1
477,1003,75,2
477,69,65,3
482,400,90,1
482,903,85,2
482,638,80,3
492,504,85,1
492,796,85,2
492,399,80,3
504,796,95,1
504,641,90,2
504,762,90,3
511,613,95,1
511,656,85,2
511,79,80,3
516,1,90,1
516,2,90,2
516,160,90,3
525,1,65,1
525,2,65,2
525,79,65,3
526,33,80,1
526,149,65,2
526,213,65,3
532,903,70,1
532,1,65,2
532,2,65,3
534,284,80,1
534,982,75,2
534,62,65,3
538,935,80,1
538,110,65,2
538,119,65,3
540,1,90,1
540,2,90,2
540,160,90,3
549,558,80,1
549,236,75,2
549,69,65,3
558,549,80,1
558,225,75,2
558,344,70,3
559,1018,90,1
559,638,80,2
559,69,65,3
589,933,95,1
589,743,90,2
589,315,80,3
601,157,90,1
601,181,90,2
601,1172,85,3
613,656,110,1
613,511,95,2
613,461,75,3
636,755,80,1
636,1192,75,2
636,441,70,3
638,482,80,1
638,559,80,2
638,1018,80,3
639,748,90,1
639,781,80,2
639,1172,80,3
641,504,90,1
641,762,90,2
641,843,90,3
656,613,110,1
656,511,85,2
656,116,75,3
664,106,65,1
664,116,65,2
664,295,65,3
679,409,90,1
679,1134,90,2
679,1,80,3
681,1,65,1
681,2,65,2
681,79,65,3
695,1051,85,1
695,399,80,2
695,492,80,3
705,416,110,1
705,878,80,2
705,1106,80,3
715,231,95,1
715,751,75,2
715,978,70,3
732,978,90,1
732,883,80,2
732,218,65,3
743,589,90,1
743,315,80,2
743,1,65,3
748,639,90,1
748,781,80,2
748,1172,80,3
751,903,80,1
751,715,75,2
751,69,65,3
755,636,80,1
755,153,75,2
755,69,65,3
758,106,65,1
758,116,65,2
758,315,65,3
762,504,90,1
762,641,90,2
762,843,90,3
763,400,85,1
763,1051,75,2
763,69,65,3
767,908,85,1
767,62,80,2
767,982,80,3
781,1172,90,1
781,639,80,2
781,748,80,3
792,1099,90,1
792,367,80,2
792,381,80,3
796,504,95,1
796,231,90,2
796,872,90,3
836,110,85,1
836,218,65,2
836,732,65,3
843,504,90,1
843,641,90,2
843,762,90,3
851,344,80,1
851,33,65,2
851,62,65,3
872,231,90,1
872,796,90,2
872,933,90,3
877,1160,80,1
877,1,65,2
877,2,65,3
878,416,80,1
878,705,80,2
878,1106,80,3
883,732,80,1
883,978,80,2
883,110,65,3
900,399,90,1
900,492,80,2
900,695,80,3
903,482,85,1
903,751,80,2
903,532,70,3
906,141,90,1
906,639,75,2
906,748,75,3
908,1,90,1
908,2,90,2
908,160,90,3
933,589,95,1
933,231,90,2
933,796,90,3
935,538,80,1
935,399,75,2
935,900,75,3
945,231,80,1
945,796,80,2
945,872,80,3
966,1,90,1
966,2,90,2
966,160,90,3
972,1190,90,1
972,106,65,2
972,116,65,3
978,732,90,1
978,883,80,2
978,231,70,3
982,160,95,1
982,62,80,2
982,767,80,3
1003,404,80,1
1003,274,75,2
1003,477,75,3
1018,559,90,1
1018,638,80,2
1018,69,65,3
1029,62,90,1
1029,1101,90,2
1029,767,80,3
1051,695,85,1
1051,372,80,2
1051,763,75,3
1074,400,80,1
1074,482,80,2
1074,367,75,3
1099,792,90,1
1099,69,80,2
1099,367,80,3
1101,62,90,1
1101,1029,90,2
1101,372,85,3
1106,416,90,1
1106,404,85,2
1106,705,80,3
1134,213,95,1
1134,381,95,2
1134,409,90,3
1139,878,75,1
1139,69,65,2
1139,141,65,3
1160,877,80,1
1160,404,65,2
1160,441,65,3
1172,781,90,1
1172,601,85,2
1172,639,80,3
1188,218,65,1
1188,525,65,2
1188,732,65,3
1190,972,90,1
1190,225,70,2
1190,106,65,3
1192,153,80,1
1192,209,80,2
1192,636,75,3
5,92,95,1
5,235,80,2
5,184,75,3
6,269,80,1
6,483,80,2
6,733,80,3
19,557,85,1
19,1063,75,2
19,754,70,3
21,1103,95,1
21,649,90,2
21,984,85,3
45,370,90,1
45,468,90,2
45,951,80,3
64,316,85,1
64,1107,80,2
64,5,65,3
68,555,95,1
68,316,90,2
68,655,90,3
81,788,95,1
81,784,90,2
81,646,85,3
83,411,75,1
83,184,65,2
83,436,65,3
89,882,90,1
89,68,65,2
89,216,65,3
92,5,95,1
92,752,75,2
92,370,70,3
102,696,85,1
102,742,80,2
102,5,65,3
136,161,90,1
136,741,80,2
136,1053,80,3
145,346,80,1
145,512,80,2
145,604,80,3
161,136,90,1
161,741,80,2
161,1053,80,3
169,216,75,1
169,555,75,2
169,946,75,3
184,5,75,1
184,83,65,2
184,235,65,3
193,246,80,1
193,336,80,2
193,723,80,3
214,21,80,1
214,222,80,2
214,310,80,3
216,555,90,1
216,946,90,2
216,292,80,3
219,735,80,1
219,19,65,2
219,330,65,3
222,21,80,1
222,214,80,2
222,310,80,3
235,5,80,1
235,68,65,2
235,89,65,3
246,336,90,1
246,871,90,2
246,193,80,3
269,951,90,1
269,6,80,2
269,483,80,3
280,81,80,1
280,605,80,2
280,784,80,3
292,557,95,1
292,800,85,2
292,216,80,3
306,1042,80,1
306,691,75,2
306,807,75,3
310,21,80,1
310,214,80,2
310,222,80,3
314,800,80,1
314,246,75,2
314,336,75,3
316,68,90,1
316,655,90,2
316,64,85,3
319,418,80,1
319,442,80,2
319,5,65,3
326,826,90,1
326,1162,90,2
326,437,80,3
330,611,70,1
330,19,65,2
330,102,65,3
336,246,90,1
336,871,90,2
336,193,80,3
342,356,85,1
342,351,80,2
342,5,65,3
346,512,90,1
346,145,80,2
346,604,80,3
351,342,80,1
351,292,75,2
351,68,65,3
356,342,85,1
356,907,80,2
356,1066,80,3
370,45,90,1
370,468,90,2
370,5,70,3
411,1113,80,1
411,83,75,2
411,5,65,3
418,319,80,1
418,442,80,2
418,136,65,3
434,469,85,1
434,216,80,2
434,555,80,3
436,858,75,1
436,1151,75,2
436,83,65,3
437,684,90,1
437,326,80,2
437,826,80,3
442,319,80,1
442,418,80,2
442,841,75,3
458,880,95,1
458,468,70,2
458,5,65,3
468,45,90,1
468,370,90,2
468,458,70,3
469,434,85,1
469,136,65,2
469,145,65,3
483,6,80,1
483,269,80,2
483,733,80,3
507,1064,75,1
507,45,65,2
507,169,65,3
512,346,90,1
512,145,80,2
512,604,80,3
555,68,95,1
555,216,90,2
555,946,90,3
557,292,95,1
557,954,90,2
557,19,85,3
583,68,80,1
583,316,80,2
583,655,80,3
604,1151,85,1
604,145,80,2
604,346,80,3
605,81,80,1
605,280,80,2
605,784,80,3
608,5,65,1
608,6,65,2
608,21,65,3
611,754,80,1
611,330,70,2
611,5,65,3
635,1049,80,1
635,136,65,2
635,161,65,3
646,81,85,1
646,788,85,2
646,672,80,3
647,136,65,1
647,145,65,2
647,161,65,3
649,21,90,1
649,214,80,2
649,222,80,3
654,68,70,1
654,555,70,2
654,19,65,3
655,68,90,1
655,316,90,2
655,583,80,3
672,726,90,1
672,880,90,2
672,646,80,3
684,437,90,1
684,326,80,2
684,826,80,3
691,807,90,1
691,921,80,2
691,1103,80,3
696,102,85,1
696,1103,85,2
696,136,65,3
710,752,80,1
710,92,65,2
710,306,65,3
723,784,85,1
723,193,80,2
723,246,80,3
726,672,90,1
726,880,90,2
726,646,80,3
733,6,80,1
733,269,80,2
733,483,80,3
734,216,80,1
734,1158,80,2
734,346,75,3
735,219,80,1
735,45,65,2
735,169,65,3
741,1113,85,1
741,136,80,2
741,161,80,3
742,1064,95,1
742,102,80,2
742,1158,70,3
752,710,80,1
752,92,75,2
752,336,70,3
754,557,80,1
754,611,80,2
754,19,70,3
784,81,90,1
784,723,85,2
784,280,80,3
788,81,95,1
788,646,85,2
788,984,80,3
793,45,65,1
793,169,65,2
793,292,65,3
800,292,85,1
800,557,85,2
800,314,80,3
807,691,90,1
807,921,80,2
807,1103,80,3
826,326,90,1
826,1162,90,2
826,437,80,3
828,6,70,1
828,45,65,2
828,169,65,3
841,442,75,1
841,45,65,2
841,169,65,3
858,880,95,1
858,1151,90,2
858,888,80,3
871,246,90,1
871,336,90,2
871,193,80,3
880,458,95,1
880,858,95,2
880,672,90,3
882,1053,95,1
882,89,90,2
882,68,65,3
888,1109,90,1
888,858,80,2
888,1151,80,3
907,1066,90,1
907,356,80,2
907,136,65,3
921,1103,90,1
921,691,80,2
921,807,80,3
944,998,80,1
944,5,65,2
944,6,65,3
946,216,90,1
946,555,90,2
946,434,80,3
951,269,90,1
951,6,80,2
951,45,80,3
954,557,90,1
954,326,75,2
954,826,75,3
984,21,85,1
984,1103,85,2
984,788,80,3
986,269,75,1
986,951,75,2
986,6,65,3
998,944,80,1
998,214,65,2
998,219,65,3
1042,306,80,1
1042,921,75,2
1042,1103,75,3
1049,635,80,1
1049,741,75,2
1049,83,65,3
1053,882,95,1
1053,1065,90,2
1053,1091,90,3
1063,68,80,1
1063,316,80,2
1063,583,80,3
1064,742,95,1
1064,507,75,2
1064,68,65,3
1065,1053,90,1
1065,1091,90,2
1065,136,80,3
1066,907,90,1
1066,356,80,2
1066,136,65,3
1091,1053,90,1
1091,1065,90,2
1091,136,80,3
1103,21,95,1
1103,921,90,2
1103,696,85,3
1107,64,80,1
1107,68,65,2
1107,89,65,3
1109,888,90,1
1109,858,80,2
1109,1151,80,3
1113,741,85,1
1113,411,80,2
1113,68,65,3
1150,646,80,1
1150,672,80,2
1150,726,80,3
1151,858,90,1
1151,604,85,2
1151,888,80,3
1158,734,80,1
1158,742,70,2
1158,83,65,3
1162,326,90,1
1162,826,90,2
1162,437,80,3
15,345,90,1
15,488,90,2
15,624,90,3
18,849,90,1
18,625,80,2
18,629,80,3
46,74,80,1
46,570,80,2
46,823,80,3
57,947,90,1
57,1016,85,2
57,15,80,3
65,547,80,1
65,57,65,2
65,74,65,3
74,823,90,1
74,1017,90,2
74,46,80,3
75,112,80,1
75,15,65,2
75,57,65,3
84,973,85,1
84,363,80,2
84,597,80,3
88,973,80,1
88,1045,80,2
88,84,70,3
97,57,65,1
97,65,65,2
97,74,65,3
104,423,90,1
104,750,90,2
104,568,70,3
112,75,80,1
112,484,80,2
112,15,75,3
131,973,75,1
131,88,65,2
131,318,65,3
143,18,65,1
143,88,65,2
143,311,65,3
158,595,90,1
158,678,90,2
158,850,90,3
166,320,80,1
166,15,65,2
166,46,65,3
180,185,90,1
180,195,90,2
180,584,80,3
185,180,90,1
185,195,90,2
185,584,80,3
187,1016,90,1
187,854,85,2
187,15,65,3
195,180,90,1
195,185,90,2
195,584,80,3
217,379,90,1
217,668,90,2
217,57,65,3
299,15,65,1
299,46,65,2
299,166,65,3
311,440,90,1
311,578,80,2
311,818,80,3
318,88,65,1
318,131,65,2
318,957,65,3
320,166,80,1
320,18,65,2
320,143,65,3
345,15,90,1
345,488,90,2
345,624,90,3
363,84,80,1
363,597,80,2
363,57,65,3
368,426,75,1
368,678,70,2
368,112,65,3
379,217,90,1
379,668,90,2
379,57,65,3
423,104,90,1
423,750,90,2
423,84,65,3
426,433,80,1
426,368,75,2
426,15,65,3
433,426,80,1
433,57,65,2
433,65,65,3
435,578,75,1
435,818,75,2
435,112,65,3
440,311,90,1
440,578,80,2
440,818,80,3
446,854,80,1
446,57,65,2
446,65,65,3
457,484,90,1
457,621,80,2
457,753,80,3
467,57,65,1
467,65,65,2
467,74,65,3
484,457,90,1
484,112,80,2
484,621,80,3
488,586,95,1
488,15,90,2
488,345,90,3
503,662,75,1
503,75,55,2
503,88,55,3
547,975,85,1
547,65,80,2
547,15,65,3
568,104,70,1
568,97,65,2
568,112,65,3
570,815,85,1
570,46,80,2
570,74,80,3
578,818,90,1
578,311,80,2
578,440,80,3
584,799,90,1
584,180,80,2
584,185,80,3
586,488,95,1
586,677,80,2
586,1120,80,3
595,158,90,1
595,678,90,2
595,850,90,3
597,84,80,1
597,363,80,2
597,15,65,3
621,457,80,1
621,484,80,2
621,753,80,3
624,15,90,1
624,345,90,2
624,488,90,3
625,18,80,1
625,629,80,2
625,849,80,3
629,18,80,1
629,625,80,2
629,849,80,3
662,503,75,1
662,84,65,2
662,104,65,3
668,947,95,1
668,217,90,2
668,379,90,3
677,586,80,1
677,1120,80,2
677,57,65,3
678,158,90,1
678,595,90,2
678,850,90,3
688,731,80,1
688,57,65,2
688,65,65,3
712,887,90,1
712,975,90,2
712,57,65,3
731,688,80,1
731,15,65,2
731,46,65,3
750,104,90,1
750,423,90,2
750,84,65,3
753,457,80,1
753,484,80,2
753,621,80,3
799,584,90,1
799,488,85,2
799,1120,85,3
808,973,80,1
808,15,65,2
808,46,65,3
815,570,85,1
815,57,65,2
815,65,65,3
818,578,90,1
818,311,80,2
818,440,80,3
823,74,90,1
823,1017,90,2
823,46,80,3
849,18,90,1
849,625,80,2
849,629,80,3
850,158,90,1
850,595,90,2
850,678,90,3
854,187,85,1
854,446,80,2
854,84,65,3
887,712,90,1
887,975,90,2
887,57,65,3
898,158,90,1
898,595,90,2
898,678,90,3
904,1039,90,1
904,57,65,2
904,65,65,3
911,46,80,1
911,74,80,2
911,570,80,3
947,668,95,1
947,57,90,2
947,15,80,3
957,1168,80,1
957,88,65,2
957,131,65,3
973,84,85,1
973,88,80,2
973,808,80,3
975,712,90,1
975,887,90,2
975,547,85,3
993,112,65,1
993,368,65,2
993,435,65,3
1016,187,90,1
1016,57,85,2
1016,15,65,3
1017,74,90,1
1017,823,90,2
1017,46,80,3
1035,75,65,1
1035,815,65,2
1035,1168,65,3
1039,904,90,1
1039,57,65,2
1039,65,65,3
1045,15,80,1
1045,88,80,2
1045,112,65,3
1070,46,75,1
1070,74,65,2
1070,112,65,3
1120,488,85,1
1120,799,85,2
1120,586,80,3
1145,586,75,1
1145,112,65,2
1145,368,65,3
1168,18,80,1
1168,957,80,2
1168,75,65,3
1194,75,65,1
1194,1035,65,2
1194,1168,65,3
7,813,90,1
7,290,65,2
7,296,65,3
10,689,80,1
10,130,65,2
10,132,65,3
22,40,80,1
22,886,80,2
22,402,65,3
40,22,80,1
40,1157,75,2
40,138,65,3
130,251,80,1
130,402,80,2
130,939,80,3
132,387,95,1
132,10,65,2
132,130,65,3
133,196,85,1
133,1020,80,2
133,466,65,3
138,233,90,1
138,40,65,2
138,251,65,3
179,886,80,1
179,196,65,2
179,451,65,3
196,133,85,1
196,1020,70,2
196,179,65,3
233,138,90,1
233,40,65,2
233,251,65,3
251,939,90,1
251,130,80,2
251,402,80,3
290,7,65,1
290,296,65,2
290,349,65,3
296,783,70,1
296,7,65,2
296,290,65,3
305,10,65,1
305,455,65,2
305,689,65,3
349,7,65,1
349,196,65,2
349,290,65,3
369,7,65,1
369,290,65,2
369,296,65,3
387,132,95,1
387,727,80,2
387,10,65,3
402,130,80,1
402,251,80,2
402,939,80,3
419,10,65,1
419,130,65,2
419,132,65,3
451,179,65,1
451,196,65,2
451,783,65,3
455,402,70,1
455,305,65,2
455,419,65,3
460,40,65,1
460,138,65,2
460,233,65,3
464,10,65,1
464,130,65,2
464,132,65,3
466,133,65,1
466,722,65,2
466,179,55,3
478,1183,80,1
478,22,65,2
478,402,65,3
502,22,65,1
502,402,65,2
502,478,65,3
659,7,65,1
659,290,65,2
659,296,65,3
689,10,80,1
689,40,65,2
689,138,65,3
718,40,65,1
718,138,65,2
718,233,65,3
719,10,65,1
719,130,65,2
719,132,65,3
722,873,80,1
722,133,65,2
722,466,65,3
727,387,80,1
727,22,65,2
727,402,65,3
728,873,95,1
728,305,65,2
728,455,65,3
782,7,65,1
782,290,65,2
782,296,65,3
783,296,70,1
783,132,65,2
783,179,65,3
794,1060,80,1
794,10,65,2
794,130,65,3
813,7,90,1
813,290,65,2
813,296,65,3
870,1181,85,1
870,305,65,2
870,455,65,3
873,728,95,1
873,722,80,2
873,305,65,3
886,22,80,1
886,179,80,2
886,1193,75,3
939,251,90,1
939,130,80,2
939,402,80,3
958,1020,90,1
958,980,80,2
958,10,65,3
968,305,65,1
968,455,65,2
968,464,65,3
980,958,80,1
980,1020,80,2
980,40,65,3
1020,958,90,1
1020,133,80,2
1020,980,80,3
1060,794,80,1
1060,1181,75,2
1060,40,65,3
1111,40,65,1
1111,133,65,2
1111,138,65,3
1157,40,75,1
1157,22,65,2
1157,179,65,3
1181,870,85,1
1181,1060,75,2
1181,179,65,3
1183,478,80,1
1183,7,65,2
1183,290,65,3
1193,886,75,1
1193,22,65,2
1193,179,65,3
17,630,80,1
17,1177,80,2
17,769,75,3
32,582,80,1
32,519,75,2
32,17,65,3
35,198,90,1
35,797,90,2
35,523,80,3
78,739,80,1
78,445,75,2
78,96,65,3
96,777,95,1
96,258,90,2
96,596,80,3
117,1092,90,1
117,360,80,2
117,78,65,3
118,630,75,1
118,912,75,2
118,665,70,3
139,1033,80,1
139,293,65,2
139,471,65,3
164,709,80,1
164,186,65,2
164,265,65,3
182,78,65,1
182,96,65,2
182,117,65,3
186,619,90,1
186,1100,90,2
186,414,80,3
198,35,90,1
198,797,90,2
198,523,80,3
211,229,80,1
211,676,70,2
211,1041,70,3
229,211,80,1
229,1121,75,2
229,704,70,3
254,745,85,1
254,707,80,2
254,991,80,3
258,96,90,1
258,865,85,2
258,596,80,3
263,479,80,1
263,801,80,2
263,332,65,3
265,600,90,1
265,905,80,2
265,164,65,3
273,78,65,1
273,96,65,2
273,117,65,3
277,164,65,1
277,186,65,2
277,265,65,3
293,366,80,1
293,795,80,2
293,1068,80,3
313,855,90,1
313,865,80,2
313,463,75,3
332,745,80,1
332,479,75,2
332,801,75,3
360,117,80,1
360,1092,80,2
360,263,65,3
366,1068,90,1
366,1119,90,2
366,293,80,3
375,1061,80,1
375,445,70,2
375,254,65,3
414,690,90,1
414,824,90,2
414,1191,90,3
427,495,90,1
427,519,80,2
427,1041,80,3
430,1119,85,1
430,665,80,2
430,78,65,3
445,78,75,1
445,375,70,2
445,17,65,3
463,520,80,1
463,839,80,2
463,313,75,3
471,17,65,1
471,32,65,2
471,118,65,3
479,801,90,1
479,263,80,2
479,332,75,3
490,657,75,1
490,17,65,2
490,32,65,3
495,427,90,1
495,519,80,2
495,1041,80,3
518,1041,85,1
518,78,65,2
518,96,65,3
519,427,80,1
519,495,80,2
519,1041,80,3
520,463,80,1
520,164,65,2
520,186,65,3
523,35,80,1
523,198,80,2
523,797,80,3
546,186,80,1
546,414,80,2
546,619,80,3
571,643,90,1
571,704,80,2
571,1079,80,3
582,32,80,1
582,427,75,2
582,495,75,3
596,96,80,1
596,258,80,2
596,263,65,3
600,265,90,1
600,905,80,2
600,164,65,3
619,186,90,1
619,1100,90,2
619,414,80,3
630,912,90,1
630,17,80,2
630,981,80,3
643,571,90,1
643,704,80,2
643,1079,80,3
652,263,65,1
652,360,65,2
652,375,65,3
657,676,80,1
657,490,75,2
657,78,65,3
665,709,85,1
665,430,80,2
665,118,70,3
676,1041,85,1
676,657,80,2
676,211,70,3
690,414,90,1
690,824,90,2
690,1191,90,3
704,795,85,1
704,571,80,2
704,643,80,3
707,991,90,1
707,254,80,2
707,1061,75,3
709,665,85,1
709,164,80,2
709,118,70,3
739,78,80,1
739,164,65,2
739,186,65,3
745,254,85,1
745,332,80,2
745,229,65,3
769,1104,80,1
769,17,75,2
769,78,65,3
776,35,65,1
776,198,65,2
776,332,65,3
777,96,95,1
777,816,80,2
777,78,65,3
795,704,85,1
795,293,80,2
795,366,80,3
797,35,90,1
797,198,90,2
797,523,80,3
801,479,90,1
801,1121,85,2
801,263,80,3
810,965,90,1
810,630,70,2
810,35,65,3
816,777,80,1
816,139,65,2
816,293,65,3
822,229,65,1
822,745,65,2
822,17,55,3
824,414,90,1
824,690,90,2
824,1191,90,3
839,865,95,1
839,258,80,2
839,463,80,3
842,186,80,1
842,414,80,2
842,546,80,3
855,313,90,1
855,865,80,2
855,463,75,3
865,839,95,1
865,258,85,2
865,313,80,3
895,17,65,1
895,32,65,2
895,118,65,3
905,265,80,1
905,600,80,2
905,78,65,3
912,630,90,1
912,981,80,2
912,118,75,3
936,430,65,1
936,665,65,2
936,1177,65,3
948,1122,85,1
948,1121,80,2
948,164,65,3
952,992,80,1
952,1122,80,2
952,78,65,3
963,414,80,1
963,17,65,2
963,32,65,3
965,810,90,1
965,912,70,2
965,35,65,3
981,630,80,1
981,912,80,2
981,118,65,3
991,707,90,1
991,254,80,2
991,801,80,3
992,1122,90,1
992,952,80,2
992,139,65,3
1033,139,80,1
1033,164,65,2
1033,186,65,3
1041,518,85,1
1041,676,85,2
1041,427,80,3
1061,1104,95,1
1061,375,80,2
1061,707,75,3
1068,366,90,1
1068,1119,90,2
1068,293,80,3
1079,571,80,1
1079,643,80,2
1079,704,80,3
1092,117,90,1
1092,360,80,2
1092,78,65,3
1100,186,90,1
1100,619,90,2
1100,414,80,3
1104,1061,95,1
1104,769,80,2
1104,17,65,3
1119,366,90,1
1119,1068,90,2
1119,430,85,3
1121,801,85,1
1121,948,80,2
1121,229,75,3
1122,992,90,1
1122,948,85,2
1122,952,80,3
1177,17,80,1
1177,769,65,2
1177,936,65,3
1191,414,90,1
1191,690,90,2
1191,824,90,3
3,73,90,1
3,240,90,2
3,885,90,3
9,162,90,1
9,567,80,2
9,603,80,3
12,206,65,1
12,252,65,2
12,267,65,3
20,628,75,1
20,609,70,2
20,663,70,3
29,829,85,1
29,80,80,2
29,976,80,3
56,1136,90,1
56,506,80,2
56,1077,80,3
73,3,90,1
73,240,90,2
73,885,90,3
80,29,80,1
80,976,80,2
80,674,75,3
95,626,80,1
95,658,80,2
95,1142,80,3
99,949,90,1
99,623,80,2
99,1102,80,3
122,397,90,1
122,575,80,2
122,857,80,3
162,567,110,1
162,9,90,2
162,603,80,3
204,711,80,1
204,9,65,2
204,162,65,3
206,1077,85,1
206,480,80,2
206,12,65,3
221,298,75,1
221,1044,75,2
221,425,65,3
223,552,80,1
223,821,80,2
223,1046,80,3
240,3,90,1
240,73,90,2
240,885,90,3
252,543,80,1
252,680,75,2
252,12,65,3
267,410,90,1
267,866,80,2
267,830,70,3
298,1044,90,1
298,425,80,2
298,221,75,3
303,415,80,1
303,928,80,2
303,12,65,3
397,122,90,1
397,575,80,2
397,857,80,3
410,267,90,1
410,866,80,2
410,12,65,3
415,303,80,1
415,928,80,2
415,29,65,3
425,1057,85,1
425,298,80,2
425,1044,80,3
450,1069,90,1
450,3,65,2
450,56,65,3
480,206,80,1
480,3,65,2
480,56,65,3
505,3,65,1
505,56,65,2
505,73,65,3
506,1077,90,1
506,56,80,2
506,1136,80,3
535,857,85,1
535,20,65,2
535,506,65,3
537,949,95,1
537,1044,85,2
537,3,80,3
543,252,80,1
543,3,65,2
543,56,65,3
552,223,80,1
552,821,80,2
552,1046,80,3
567,162,110,1
567,9,80,2
567,603,80,3
575,857,90,1
575,122,80,2
575,397,80,3
588,221,65,1
588,505,65,2
588,598,65,3
598,1030,80,1
598,1178,80,2
598,821,75,3
603,1054,90,1
603,628,85,2
603,9,80,3
609,663,85,1
609,20,70,2
609,567,65,3
618,663,75,1
618,29,65,2
618,99,65,3
623,1102,90,1
623,99,80,2
623,949,80,3
626,95,80,1
626,658,80,2
626,1142,80,3
628,603,85,1
628,20,75,2
628,1196,65,3
658,1142,90,1
658,95,80,2
658,626,80,3
663,609,85,1
663,618,75,2
663,20,70,3
674,80,75,1
674,29,65,2
674,567,65,3
680,252,75,1
680,221,65,2
680,543,65,3
711,204,80,1
711,221,65,2
711,588,65,3
802,866,75,1
802,80,70,2
802,9,65,3
812,962,90,1
812,1199,75,2
812,567,65,3
821,1046,90,1
821,223,80,2
821,552,80,3
829,29,85,1
829,20,65,2
829,506,65,3
830,267,70,1
830,9,65,2
830,12,65,3
853,869,90,1
853,3,80,2
853,73,80,3
856,1030,80,1
856,29,65,2
856,99,65,3
857,575,90,1
857,535,85,2
857,122,80,3
866,267,80,1
866,410,80,2
866,802,75,3
869,853,90,1
869,3,80,2
869,73,80,3
885,3,90,1
885,73,90,2
885,240,90,3
919,1199,80,1
919,20,65,2
919,506,65,3
926,12,65,1
926,206,65,2
926,252,65,3
928,303,80,1
928,415,80,2
928,567,80,3
949,537,95,1
949,99,90,2
949,1044,85,3
962,812,90,1
962,1199,75,2
962,567,65,3
976,29,80,1
976,80,80,2
976,12,65,3
985,1082,90,1
985,221,65,2
985,588,65,3
989,1198,80,1
989,12,65,2
989,206,65,3
1030,598,80,1
1030,856,80,2
1030,12,65,3
1044,298,90,1
1044,537,85,2
1044,949,85,3
1046,821,90,1
1046,223,80,2
1046,552,80,3
1054,603,90,1
1054,9,80,2
1054,162,80,3
1057,425,85,1
1057,20,65,2
1057,506,65,3
1069,450,90,1
1069,3,65,2
1069,56,65,3
1077,506,90,1
1077,206,85,2
1077,56,80,3
1082,985,90,1
1082,221,65,2
1082,588,65,3
1102,623,90,1
1102,99,80,2
1102,949,80,3
1136,56,90,1
1136,506,80,2
1136,1077,80,3
1142,658,90,1
1142,95,80,2
1142,626,80,3
1174,29,65,1
1174,99,65,2
1174,415,65,3
1178,598,80,1
1178,223,75,2
1178,552,65,3
1196,9,80,1
1196,162,80,2
1196,567,80,3
1198,989,80,1
1198,29,65,2
1198,99,65,3
1199,919,80,1
1199,812,75,2
1199,962,75,3
25,1006,90,1
25,34,65,2
25,47,65,3
34,176,90,1
34,1043,90,2
34,867,85,3
41,498,80,1
41,932,80,2
41,1163,70,3
47,650,90,1
47,682,80,2
47,1159,80,3
54,645,80,1
54,766,80,2
54,1163,75,3
59,1032,90,1
59,1048,80,2
59,25,65,3
94,34,80,1
94,176,80,2
94,388,80,3
129,25,65,1
129,34,65,2
129,47,65,3
151,171,80,1
151,247,80,2
151,686,80,3
171,151,80,1
171,247,80,2
171,686,80,3
176,34,90,1
176,1043,90,2
176,894,85,3
177,243,85,1
177,682,85,2
177,183,80,3
183,337,90,1
183,177,80,2
183,412,70,3
199,25,65,1
199,34,65,2
199,47,65,3
200,25,65,1
200,34,65,2
200,47,65,3
205,694,90,1
205,759,85,2
205,764,80,3
210,321,95,1
210,550,90,2
210,1155,85,3
220,232,95,1
220,1013,75,2
220,1146,75,3
224,94,75,1
224,34,65,2
224,176,65,3
232,220,95,1
232,291,75,2
232,210,65,3
241,759,85,1
241,41,65,2
241,151,65,3
243,177,85,1
243,389,85,2
243,682,85,3
247,749,95,1
247,686,90,2
247,151,80,3
257,706,80,1
257,736,80,2
257,25,65,3
271,724,90,1
271,389,80,2
271,612,80,3
282,932,85,1
282,243,80,2
282,355,80,3
291,210,80,1
291,550,80,2
291,232,75,3
321,210,95,1
321,759,80,2
321,171,65,3
337,183,90,1
337,177,80,2
337,41,65,3
340,1085,80,1
340,412,75,2
340,171,65,3
352,879,85,1
352,1108,70,2
352,41,65,3
355,243,80,1
355,282,80,2
355,867,80,3
358,772,90,1
358,171,65,2
358,210,65,3
371,321,65,1
371,759,65,2
371,922,65,3
388,34,80,1
388,94,80,2
388,176,80,3
389,243,85,1
389,271,80,2
389,612,80,3
412,340,75,1
412,94,70,2
412,183,70,3
422,224,65,1
422,553,65,2
422,661,65,3
428,1098,90,1
428,749,80,2
428,41,65,3
493,922,80,1
493,220,65,2
493,232,65,3
498,932,90,1
498,41,80,2
498,171,65,3
550,210,90,1
550,291,80,2
550,171,65,3
553,786,75,1
553,224,65,2
553,422,65,3
599,389,75,1
599,220,65,2
599,232,65,3
612,271,80,1
612,389,80,2
612,724,80,3
627,894,90,1
627,771,80,2
627,1087,80,3
645,766,90,1
645,54,80,2
645,41,65,3
650,47,90,1
650,682,80,2
650,1159,80,3
661,950,80,1
661,25,65,2
661,34,65,3
682,177,85,1
682,243,85,2
682,47,80,3
686,247,90,1
686,151,80,2
686,171,80,3
694,205,90,1
694,764,80,2
694,997,80,3
706,257,80,1
706,814,75,2
706,220,65,3
724,271,90,1
724,389,80,2
724,612,80,3
736,1146,85,1
736,257,80,2
736,41,65,3
749,247,95,1
749,428,80,2
749,1098,80,3
757,1169,80,1
757,224,65,2
757,422,65,3
759,205,85,1
759,241,85,2
759,321,80,3
764,205,80,1
764,694,80,2
764,997,80,3
766,645,90,1
766,54,80,2
766,41,65,3
771,627,80,1
771,894,80,2
771,1087,80,3
772,358,90,1
772,171,65,2
772,210,65,3
786,902,80,1
786,553,75,2
786,94,65,3
806,47,75,1
806,650,75,2
806,220,65,3
814,706,75,1
814,25,65,2
814,34,65,3
867,34,85,1
867,243,80,2
867,282,80,3
879,1155,90,1
879,352,85,2
879,1108,70,3
894,627,90,1
894,176,85,2
894,771,80,3
902,1146,95,1
902,786,80,2
902,25,65,3
922,493,80,1
922,371,65,2
922,1023,65,3
932,498,90,1
932,282,85,2
932,41,80,3
950,661,80,1
950,41,65,2
950,151,65,3
997,1013,95,1
997,205,80,2
997,694,80,3
1006,25,90,1
1006,34,65,2
1006,47,65,3
1013,997,95,1
1013,1146,90,2
1013,220,75,3
1015,176,70,1
1015,894,70,2
1015,224,65,3
1023,151,75,1
1023,171,65,2
1023,247,65,3
1032,59,90,1
1032,1048,80,2
1032,25,65,3
1043,34,90,1
1043,176,90,2
1043,94,80,3
1048,59,80,1
1048,1032,80,2
1048,94,65,3
1085,340,80,1
1085,41,65,2
1085,151,65,3
1087,627,80,1
1087,771,80,2
1087,894,80,3
1098,1169,95,1
1098,428,90,2
1098,749,80,3
1108,352,70,1
1108,879,70,2
1108,200,65,3
1146,902,95,1
1146,1013,90,2
1146,736,85,3
1155,879,90,1
1155,210,85,2
1155,25,65,3
1159,47,80,1
1159,650,80,2
1159,682,80,3
1163,54,75,1
1163,41,70,2
1163,220,65,3
1169,1098,95,1
1169,757,80,2
1169,412,65,3
1197,371,65,1
1197,879,65,2
1197,922,65,3
4,1153,90,1
4,606,75,2
4,24,65,3
24,606,80,1
24,4,65,2
24,72,65,3
55,955,90,1
55,622,80,2
55,82,65,3
72,123,80,1
72,24,65,2
72,227,65,3
82,212,90,1
82,1089,80,2
82,55,65,3
100,123,65,1
100,126,65,2
100,190,65,3
123,72,80,1
123,100,65,2
123,126,65,3
126,631,80,1
126,1050,80,2
126,1073,80,3
190,637,90,1
190,961,80,2
190,979,80,3
212,82,90,1
212,633,85,2
212,1089,80,3
227,634,90,1
227,276,80,2
227,453,80,3
234,329,80,1
234,327,75,2
234,499,75,3
244,327,80,1
244,499,80,2
244,24,65,3
259,324,80,1
259,339,80,2
259,702,80,3
272,289,90,1
272,24,65,2
272,72,65,3
275,438,80,1
275,970,65,2
275,996,65,3
276,453,90,1
276,386,85,2
276,227,80,3
289,272,90,1
289,24,65,2
289,72,65,3
324,259,80,1
324,702,80,2
324,24,65,3
327,499,90,1
327,840,85,2
327,244,80,3
329,234,80,1
329,244,65,2
329,327,65,3
339,259,80,1
339,4,65,2
339,100,65,3
376,622,95,1
376,840,90,2
376,671,80,3
380,24,65,1
380,72,65,2
380,227,65,3
386,276,85,1
386,24,65,2
386,72,65,3
405,438,65,1
405,556,65,2
405,633,65,3
438,275,80,1
438,405,65,2
438,556,65,3
453,631,95,1
453,276,90,2
453,227,80,3
499,327,90,1
499,244,80,2
499,234,75,3
528,234,70,1
528,24,65,2
528,72,65,3
531,838,80,1
531,24,65,2
531,72,65,3
556,862,75,1
556,227,65,2
556,276,65,3
562,920,80,1
562,862,65,2
562,1184,65,3
587,4,65,1
587,234,65,2
587,339,65,3
591,964,85,1
591,1089,85,2
591,910,80,3
606,24,80,1
606,4,75,2
606,1153,75,3
617,24,65,1
617,72,65,2
617,227,65,3
622,376,95,1
622,55,80,2
622,955,80,3
631,453,95,1
631,1050,90,2
631,126,80,3
633,785,90,1
633,212,85,2
633,863,80,3
634,227,90,1
634,276,80,2
634,453,80,3
637,190,90,1
637,961,80,2
637,979,80,3
671,376,80,1
671,840,80,2
671,55,65,3
701,977,80,1
701,889,75,2
701,55,65,3
702,259,80,1
702,324,80,2
702,100,65,3
785,633,90,1
785,863,80,2
785,100,65,3
838,531,80,1
838,55,65,2
838,82,65,3
840,376,90,1
840,327,85,2
840,671,80,3
862,227,80,1
862,276,80,2
862,453,80,3
863,633,80,1
863,785,80,2
863,24,65,3
889,1184,85,1
889,701,75,2
889,4,65,3
910,591,80,1
910,55,65,2
910,82,65,3
920,562,80,1
920,100,65,2
920,123,65,3
923,4,65,1
923,234,65,2
923,339,65,3
955,55,90,1
955,622,80,2
955,82,65,3
956,631,75,1
956,1050,75,2
956,4,65,3
961,979,90,1
961,190,80,2
961,637,80,3
964,1089,95,1
964,591,85,2
964,1040,80,3
970,275,65,1
970,996,65,2
970,1105,65,3
971,996,80,1
971,329,65,2
971,4,55,3
977,701,80,1
977,100,65,2
977,123,65,3
979,961,90,1
979,190,80,2
979,637,80,3
996,971,80,1
996,275,65,2
996,970,65,3
1040,964,80,1
1040,1175,80,2
1040,55,65,3
1050,631,90,1
1050,126,80,2
1050,1073,80,3
1073,126,80,1
1073,631,80,2
1073,1050,80,3
1089,964,95,1
1089,591,85,2
1089,82,80,3
1105,275,65,1
1105,970,65,2
1105,996,65,3
1153,4,90,1
1153,606,75,2
1153,24,65,3
1175,964,80,1
1175,1040,80,2
1175,100,65,3
1184,889,85,1
1184,275,65,2
1184,562,65,3
8,343,90,1
8,1115,90,2
8,730,80,3
30,811,85,1
30,159,75,2
30,188,65,3
48,61,80,1
48,481,80,2
48,819,75,3
50,687,80,1
50,717,80,2
50,481,65,3
61,48,80,1
61,481,80,2
61,524,75,3
77,48,65,1
77,86,65,2
77,114,65,3
86,1076,85,1
86,188,80,2
86,48,65,3
103,747,95,1
103,413,90,2
103,1009,90,3
114,890,90,1
114,168,80,2
114,281,80,3
120,780,80,1
120,462,65,2
120,692,65,3
134,1055,85,1
134,255,80,2
134,1131,80,3
159,30,75,1
159,266,65,2
159,780,65,3
168,281,90,1
168,574,90,2
168,773,90,3
172,884,80,1
172,1001,80,2
172,8,65,3
188,462,85,1
188,86,80,2
188,30,65,3
238,447,85,1
238,242,80,2
238,789,80,3
242,1182,85,1
242,238,80,2
242,789,80,3
249,1116,90,1
249,486,80,2
249,30,65,3
255,1131,90,1
255,134,80,2
255,8,65,3
266,283,75,1
266,159,65,2
266,780,65,3
281,168,90,1
281,574,90,2
281,773,90,3
283,448,85,1
283,699,85,2
283,1132,80,3
307,473,80,1
307,48,65,2
307,77,65,3
322,811,75,1
322,868,75,2
322,524,65,3
335,103,85,1
335,747,85,2
335,844,80,3
343,8,90,1
343,1115,90,2
343,730,80,3
354,699,75,1
354,819,65,2
354,120,55,3
413,103,90,1
413,1009,90,2
413,8,65,3
447,238,85,1
447,1055,80,2
447,8,65,3
448,283,85,1
448,699,85,2
448,454,80,3
454,1055,85,1
454,448,80,2
454,852,80,3
459,909,80,1
459,30,65,2
459,188,65,3
462,188,85,1
462,692,80,2
462,827,80,3
473,307,80,1
473,8,65,2
473,61,65,3
481,48,80,1
481,61,80,2
481,50,65,3
486,574,85,1
486,249,80,2
486,1116,80,3
524,819,80,1
524,61,75,2
524,48,65,3
542,683,85,1
542,1116,85,2
542,811,80,3
574,168,90,1
574,281,90,2
574,773,90,3
667,708,80,1
667,50,65,2
667,481,65,3
683,542,85,1
683,1116,85,2
683,8,65,3
687,717,90,1
687,50,80,2
687,8,65,3
692,1147,90,1
692,717,85,2
692,462,80,3
699,283,85,1
699,448,85,2
699,354,75,3
708,667,80,1
708,48,65,2
708,77,65,3
717,687,90,1
717,692,85,2
717,50,80,3
730,8,80,1
730,343,80,2
730,1115,80,3
747,103,95,1
747,335,85,2
747,8,65,3
773,168,90,1
773,281,90,2
773,574,90,3
780,120,80,1
780,692,75,2
780,1147,75,3
789,1076,90,1
789,238,80,2
789,242,80,3
811,868,90,1
811,30,85,2
811,542,80,3
819,524,80,1
819,48,75,2
819,61,65,3
825,48,65,1
825,77,65,2
825,86,65,3
827,462,80,1
827,692,80,2
827,1147,80,3
844,335,80,1
844,8,65,2
844,61,65,3
852,448,80,1
852,454,80,2
852,50,65,3
868,811,90,1
868,542,80,2
868,322,75,3
884,172,80,1
884,1001,80,2
884,30,65,3
890,114,90,1
890,168,80,2
890,281,80,3
909,459,80,1
909,50,65,2
909,481,65,3
1001,172,80,1
1001,884,80,2
1001,48,65,3
1002,159,65,1
1002,266,65,2
1002,747,65,3
1009,103,90,1
1009,413,90,2
1009,8,65,3
1055,134,85,1
1055,454,85,2
1055,447,80,3
1076,789,90,1
1076,86,85,2
1076,238,80,3
1084,134,70,1
1084,1055,70,2
1084,322,65,3
1115,8,90,1
1115,343,90,2
1115,730,80,3
1116,249,90,1
1116,542,85,2
1116,683,85,3
1131,255,90,1
1131,134,80,2
1131,8,65,3
1132,283,80,1
1132,8,65,2
1132,61,65,3
1147,692,90,1
1147,462,80,2
1147,827,80,3
1165,249,65,1
1165,322,65,2
1165,486,65,3
1182,242,85,1
1182,50,65,2
1182,481,65,3
